{
  "hash": "16fc3768",
  "configHash": "326bdffb",
  "lockfileHash": "ba4f6fc1",
  "browserHash": "6ab107e4",
  "optimized": {
    "@angular/common/http": {
      "src": "../../../../../../node_modules/@angular/common/fesm2022/http.mjs",
      "file": "@angular_common_http.js",
      "fileHash": "d97c2432",
      "needsInterop": false
    },
    "@angular/core": {
      "src": "../../../../../../node_modules/@angular/core/fesm2022/core.mjs",
      "file": "@angular_core.js",
      "fileHash": "c03f2898",
      "needsInterop": false
    },
    "@angular/platform-browser": {
      "src": "../../../../../../node_modules/@angular/platform-browser/fesm2022/platform-browser.mjs",
      "file": "@angular_platform-browser.js",
      "fileHash": "8a68a36d",
      "needsInterop": false
    },
    "@angular/platform-browser/animations/async": {
      "src": "../../../../../../node_modules/@angular/platform-browser/fesm2022/animations/async.mjs",
      "file": "@angular_platform-browser_animations_async.js",
      "fileHash": "121e3655",
      "needsInterop": false
    },
    "@angular/router": {
      "src": "../../../../../../node_modules/@angular/router/fesm2022/router.mjs",
      "file": "@angular_router.js",
      "fileHash": "4ef2bec7",
      "needsInterop": false
    },
    "rxjs": {
      "src": "../../../../../../node_modules/rxjs/dist/esm5/index.js",
      "file": "rxjs.js",
      "fileHash": "6ca83d3d",
      "needsInterop": false
    },
    "@angular/common": {
      "src": "../../../../../../node_modules/@angular/common/fesm2022/common.mjs",
      "file": "@angular_common.js",
      "fileHash": "33ceee03",
      "needsInterop": false
    },
    "@angular/material/card": {
      "src": "../../../../../../node_modules/@angular/material/fesm2022/card.mjs",
      "file": "@angular_material_card.js",
      "fileHash": "35486944",
      "needsInterop": false
    },
    "@angular/material/button": {
      "src": "../../../../../../node_modules/@angular/material/fesm2022/button.mjs",
      "file": "@angular_material_button.js",
      "fileHash": "be0b5fc3",
      "needsInterop": false
    }
  },
  "chunks": {
    "browser-XZMD2HDV": {
      "file": "browser-XZMD2HDV.js"
    },
    "chunk-KF3UYEFM": {
      "file": "chunk-KF3UYEFM.js"
    },
    "chunk-ZDBWKKBK": {
      "file": "chunk-ZDBWKKBK.js"
    },
    "chunk-3TFHFBEA": {
      "file": "chunk-3TFHFBEA.js"
    },
    "chunk-4IOCDZ3Z": {
      "file": "chunk-4IOCDZ3Z.js"
    },
    "chunk-VFBMMIM3": {
      "file": "chunk-VFBMMIM3.js"
    },
    "chunk-5TID76VL": {
      "file": "chunk-5TID76VL.js"
    }
  }
}